review_id,date,department,rating,review_text
2,2024-01-02,Housekeeping,5,Check-in was fast and seamless regarding housekeeping.
53,2024-01-02,Front Desk,4,Room was spotless and beautifully maintained regarding front desk. Thank you to the team.
438,2024-01-02,F&B / Restaurant,5,The spa treatment was relaxing and professional regarding f&b / restaurant.
384,2024-01-03,Spa & Wellness,1,Billing error took days to resolve regarding spa & wellness. Thank you to the team.
531,2024-01-03,Housekeeping,4,Concierge went above and beyond to help us regarding housekeeping.
127,2024-01-06,Front Desk,3,"Stay was fine, nothing particularly memorable regarding front desk. Thank you to the team."
178,2024-01-07,Spa & Wellness,4,Breakfast selection was excellent and fresh regarding spa & wellness. Overall a decent trip.
399,2024-01-07,Spa & Wellness,5,Breakfast selection was excellent and fresh regarding spa & wellness. Overall a decent trip.
577,2024-01-07,Housekeeping,3,"Room was okay, standard hotel amenities regarding housekeeping. Will definitely consider staying again."
94,2024-01-08,F&B / Restaurant,5,Loved the attention to detail in the room regarding f&b / restaurant.
330,2024-01-08,F&B / Restaurant,5,Concierge went above and beyond to help us regarding f&b / restaurant. Thank you to the team.
59,2024-01-08,F&B / Restaurant,4,Room was spotless and beautifully maintained regarding f&b / restaurant. Thank you to the team.
71,2024-01-10,Concierge,1,Room was not properly cleaned upon arrival regarding concierge.
29,2024-01-10,F&B / Restaurant,3,"Average experience overall, met basic expectations regarding f&b / restaurant."
56,2024-01-12,F&B / Restaurant,1,Staff seemed inattentive and slow to respond regarding f&b / restaurant.
250,2024-01-13,Housekeeping,3,"Average experience overall, met basic expectations regarding housekeeping. Overall a decent trip."
448,2024-01-13,Spa & Wellness,2,Check-in took far too long and felt disorganized regarding spa & wellness. Thank you to the team.
188,2024-01-13,Concierge,4,"Beautiful property, exceeded our expectations regarding concierge. Overall a decent trip."
258,2024-01-13,Housekeeping,4,"Beautiful property, exceeded our expectations regarding housekeeping."
571,2024-01-14,Concierge,5,"Quick response to our requests, very efficient regarding concierge."
206,2024-01-16,F&B / Restaurant,1,Towels and toiletries were not restocked regarding f&b / restaurant. Would recommend to others.
368,2024-01-16,Housekeeping,3,"Service was acceptable, no major issues regarding housekeeping."
539,2024-01-17,Concierge,5,"Beautiful property, exceeded our expectations regarding concierge. Would recommend to others."
25,2024-01-18,F&B / Restaurant,2,Room was not properly cleaned upon arrival regarding f&b / restaurant. Would recommend to others.
48,2024-01-19,Housekeeping,4,The spa treatment was relaxing and professional regarding housekeeping. Would recommend to others.
553,2024-01-19,Spa & Wellness,1,Noise from the hallway disturbed our sleep regarding spa & wellness. Overall a decent trip.
63,2024-01-19,Concierge,1,Towels and toiletries were not restocked regarding concierge.
341,2024-01-20,F&B / Restaurant,2,Long wait times at the restaurant regarding f&b / restaurant. Overall a decent trip.
20,2024-01-20,Concierge,4,Room was spotless and beautifully maintained regarding concierge. Will definitely consider staying again.
285,2024-01-21,F&B / Restaurant,1,Breakfast was cold and options were limited regarding f&b / restaurant. Overall a decent trip.
128,2024-01-21,Spa & Wellness,4,"Beautiful property, exceeded our expectations regarding spa & wellness. Will definitely consider staying again."
442,2024-01-21,Concierge,3,"Service was acceptable, no major issues regarding concierge."
286,2024-01-21,Housekeeping,3,"Room was okay, standard hotel amenities regarding housekeeping. Would recommend to others."
351,2024-01-22,F&B / Restaurant,4,Concierge went above and beyond to help us regarding f&b / restaurant.
563,2024-01-22,Housekeeping,3,"Room was okay, standard hotel amenities regarding housekeeping. Thank you to the team."
16,2024-01-22,Spa & Wellness,3,"Average experience overall, met basic expectations regarding spa & wellness."
230,2024-01-23,Housekeeping,1,Long wait times at the restaurant regarding housekeeping. Will definitely consider staying again.
198,2024-01-24,Housekeeping,5,Room was spotless and beautifully maintained regarding housekeeping. Would recommend to others.
506,2024-01-25,F&B / Restaurant,5,"Quick response to our requests, very efficient regarding f&b / restaurant."
348,2024-01-25,Concierge,3,"Stay was fine, nothing particularly memorable regarding concierge. Would recommend to others."
164,2024-01-26,Housekeeping,4,Check-in was fast and seamless regarding housekeeping.
131,2024-01-26,Spa & Wellness,5,The staff was incredibly friendly and helpful regarding spa & wellness.
207,2024-01-26,Spa & Wellness,4,Breakfast selection was excellent and fresh regarding spa & wellness. Would recommend to others.
204,2024-01-27,F&B / Restaurant,5,Loved the attention to detail in the room regarding f&b / restaurant. Thank you to the team.
138,2024-01-27,Front Desk,4,The spa treatment was relaxing and professional regarding front desk. Will definitely consider staying again.
322,2024-01-28,Front Desk,1,Requested items never arrived at our room regarding front desk. Overall a decent trip.
31,2024-01-29,Concierge,3,"Service was acceptable, no major issues regarding concierge. Will definitely consider staying again."
253,2024-01-30,Spa & Wellness,3,"Stay was fine, nothing particularly memorable regarding spa & wellness. Would recommend to others."
129,2024-02-01,Spa & Wellness,5,"Beautiful property, exceeded our expectations regarding spa & wellness. Thank you to the team."
425,2024-02-01,Front Desk,5,The staff was incredibly friendly and helpful regarding front desk.
266,2024-02-01,Concierge,4,Loved the attention to detail in the room regarding concierge. Would recommend to others.
22,2024-02-03,Front Desk,5,Staff greeted us warmly every single day regarding front desk. Will definitely consider staying again.
340,2024-02-04,Front Desk,4,Staff greeted us warmly every single day regarding front desk. Thank you to the team.
68,2024-02-05,Housekeeping,3,"Service was acceptable, no major issues regarding housekeeping. Thank you to the team."
44,2024-02-05,Concierge,5,"Quick response to our requests, very efficient regarding concierge. Thank you to the team."
10,2024-02-05,Housekeeping,4,Concierge went above and beyond to help us regarding housekeeping.
333,2024-02-05,Front Desk,3,"Room was okay, standard hotel amenities regarding front desk. Thank you to the team."
335,2024-02-05,Spa & Wellness,1,Air conditioning was not working properly regarding spa & wellness. Will definitely consider staying again.
83,2024-02-05,Concierge,4,Breakfast selection was excellent and fresh regarding concierge. Thank you to the team.
321,2024-02-07,Concierge,2,Requested items never arrived at our room regarding concierge.
446,2024-02-08,F&B / Restaurant,3,"Service was acceptable, no major issues regarding f&b / restaurant."
173,2024-02-08,Spa & Wellness,3,"Location was convenient, hotel was as described regarding spa & wellness. Would recommend to others."
431,2024-02-08,Spa & Wellness,4,"Quick response to our requests, very efficient regarding spa & wellness. Would recommend to others."
557,2024-02-09,Front Desk,4,Concierge went above and beyond to help us regarding front desk. Would recommend to others.
385,2024-02-09,Concierge,3,"Average experience overall, met basic expectations regarding concierge. Thank you to the team."
134,2024-02-09,F&B / Restaurant,3,"Location was convenient, hotel was as described regarding f&b / restaurant. Thank you to the team."
583,2024-02-09,F&B / Restaurant,3,"Location was convenient, hotel was as described regarding f&b / restaurant. Overall a decent trip."
54,2024-02-11,Spa & Wellness,2,Long wait times at the restaurant regarding spa & wellness. Thank you to the team.
314,2024-02-11,Concierge,5,"Quick response to our requests, very efficient regarding concierge. Overall a decent trip."
7,2024-02-11,F&B / Restaurant,5,Check-in was fast and seamless regarding f&b / restaurant.
511,2024-02-11,Housekeeping,4,The staff was incredibly friendly and helpful regarding housekeeping. Thank you to the team.
51,2024-02-15,F&B / Restaurant,3,"Average experience overall, met basic expectations regarding f&b / restaurant. Would recommend to others."
350,2024-02-15,Front Desk,1,Billing error took days to resolve regarding front desk. Will definitely consider staying again.
264,2024-02-16,Front Desk,4,"Beautiful property, exceeded our expectations regarding front desk."
402,2024-02-16,Housekeeping,5,Breakfast selection was excellent and fresh regarding housekeeping. Overall a decent trip.
79,2024-02-17,Housekeeping,5,Room was spotless and beautifully maintained regarding housekeeping. Thank you to the team.
148,2024-02-17,Housekeeping,5,"Quick response to our requests, very efficient regarding housekeeping."
600,2024-02-18,Spa & Wellness,5,The spa treatment was relaxing and professional regarding spa & wellness.
453,2024-02-19,Spa & Wellness,4,"Beautiful property, exceeded our expectations regarding spa & wellness. Overall a decent trip."
165,2024-02-19,Front Desk,4,Check-in was fast and seamless regarding front desk. Overall a decent trip.
244,2024-02-21,F&B / Restaurant,5,Room was spotless and beautifully maintained regarding f&b / restaurant. Will definitely consider staying again.
432,2024-02-21,Spa & Wellness,4,Room was spotless and beautifully maintained regarding spa & wellness.
587,2024-02-21,F&B / Restaurant,3,"Average experience overall, met basic expectations regarding f&b / restaurant. Would recommend to others."
101,2024-02-23,F&B / Restaurant,5,"Beautiful property, exceeded our expectations regarding f&b / restaurant."
92,2024-02-23,Spa & Wellness,3,"Average experience overall, met basic expectations regarding spa & wellness. Will definitely consider staying again."
24,2024-02-23,Spa & Wellness,3,"Location was convenient, hotel was as described regarding spa & wellness. Would recommend to others."
349,2024-02-26,F&B / Restaurant,1,Towels and toiletries were not restocked regarding f&b / restaurant. Would recommend to others.
12,2024-02-26,Housekeeping,5,Staff greeted us warmly every single day regarding housekeeping. Thank you to the team.
470,2024-02-27,Spa & Wellness,3,"Location was convenient, hotel was as described regarding spa & wellness. Would recommend to others."
219,2024-02-27,F&B / Restaurant,4,"Beautiful property, exceeded our expectations regarding f&b / restaurant. Thank you to the team."
434,2024-02-28,F&B / Restaurant,3,"Stay was fine, nothing particularly memorable regarding f&b / restaurant."
352,2024-02-28,Spa & Wellness,1,Noise from the hallway disturbed our sleep regarding spa & wellness. Thank you to the team.
168,2024-02-29,Concierge,4,Concierge went above and beyond to help us regarding concierge.
505,2024-02-29,Concierge,5,The spa treatment was relaxing and professional regarding concierge. Thank you to the team.
598,2024-02-29,Housekeeping,5,Loved the attention to detail in the room regarding housekeeping.
167,2024-03-01,Concierge,4,The staff was incredibly friendly and helpful regarding concierge. Would recommend to others.
119,2024-03-01,Housekeeping,3,"Stay was fine, nothing particularly memorable regarding housekeeping. Thank you to the team."
390,2024-03-01,Front Desk,3,"Service was acceptable, no major issues regarding front desk. Overall a decent trip."
369,2024-03-02,Concierge,4,The staff was incredibly friendly and helpful regarding concierge. Will definitely consider staying again.
193,2024-03-02,Housekeeping,5,The spa treatment was relaxing and professional regarding housekeeping. Will definitely consider staying again.
382,2024-03-03,F&B / Restaurant,5,"Quick response to our requests, very efficient regarding f&b / restaurant."
50,2024-03-04,Front Desk,3,"Location was convenient, hotel was as described regarding front desk. Will definitely consider staying again."
312,2024-03-05,Concierge,3,"Room was okay, standard hotel amenities regarding concierge."
376,2024-03-05,F&B / Restaurant,3,"Stay was fine, nothing particularly memorable regarding f&b / restaurant."
317,2024-03-05,F&B / Restaurant,5,"Quick response to our requests, very efficient regarding f&b / restaurant. Thank you to the team."
588,2024-03-05,Concierge,5,"Quick response to our requests, very efficient regarding concierge. Would recommend to others."
211,2024-03-07,Front Desk,3,"Service was acceptable, no major issues regarding front desk. Will definitely consider staying again."
82,2024-03-07,F&B / Restaurant,4,Staff greeted us warmly every single day regarding f&b / restaurant.
169,2024-03-08,Front Desk,5,The spa treatment was relaxing and professional regarding front desk. Thank you to the team.
497,2024-03-09,Front Desk,2,Staff seemed inattentive and slow to respond regarding front desk.
530,2024-03-09,Spa & Wellness,5,The staff was incredibly friendly and helpful regarding spa & wellness. Would recommend to others.
100,2024-03-10,Concierge,3,"Room was okay, standard hotel amenities regarding concierge."
520,2024-03-11,Front Desk,1,Towels and toiletries were not restocked regarding front desk.
38,2024-03-11,F&B / Restaurant,3,"Average experience overall, met basic expectations regarding f&b / restaurant. Would recommend to others."
189,2024-03-12,F&B / Restaurant,1,Noise from the hallway disturbed our sleep regarding f&b / restaurant. Overall a decent trip.
160,2024-03-12,Concierge,3,"Service was acceptable, no major issues regarding concierge. Thank you to the team."
529,2024-03-12,Housekeeping,1,Room was not properly cleaned upon arrival regarding housekeeping. Will definitely consider staying again.
458,2024-03-14,Housekeeping,5,Staff greeted us warmly every single day regarding housekeeping. Would recommend to others.
275,2024-03-14,F&B / Restaurant,5,The spa treatment was relaxing and professional regarding f&b / restaurant. Will definitely consider staying again.
41,2024-03-15,Front Desk,1,Staff seemed inattentive and slow to respond regarding front desk. Would recommend to others.
21,2024-03-19,F&B / Restaurant,5,Concierge went above and beyond to help us regarding f&b / restaurant.
76,2024-03-19,Housekeeping,4,Staff greeted us warmly every single day regarding housekeeping. Overall a decent trip.
469,2024-03-19,F&B / Restaurant,2,Towels and toiletries were not restocked regarding f&b / restaurant. Would recommend to others.
132,2024-03-22,F&B / Restaurant,4,The spa treatment was relaxing and professional regarding f&b / restaurant. Overall a decent trip.
565,2024-03-22,Front Desk,2,Air conditioning was not working properly regarding front desk. Thank you to the team.
393,2024-03-23,Housekeeping,5,The staff was incredibly friendly and helpful regarding housekeeping. Thank you to the team.
105,2024-03-24,Concierge,5,The staff was incredibly friendly and helpful regarding concierge. Will definitely consider staying again.
268,2024-03-25,Spa & Wellness,4,Staff greeted us warmly every single day regarding spa & wellness.
112,2024-03-25,Front Desk,1,Towels and toiletries were not restocked regarding front desk.
581,2024-03-25,F&B / Restaurant,4,Breakfast selection was excellent and fresh regarding f&b / restaurant. Will definitely consider staying again.
85,2024-03-25,Concierge,4,Staff greeted us warmly every single day regarding concierge. Thank you to the team.
416,2024-03-26,Front Desk,5,Room was spotless and beautifully maintained regarding front desk. Will definitely consider staying again.
413,2024-03-26,F&B / Restaurant,3,"Room was okay, standard hotel amenities regarding f&b / restaurant."
440,2024-03-26,Spa & Wellness,4,Concierge went above and beyond to help us regarding spa & wellness. Will definitely consider staying again.
61,2024-03-27,Concierge,3,"Average experience overall, met basic expectations regarding concierge. Overall a decent trip."
62,2024-03-27,Front Desk,3,"Average experience overall, met basic expectations regarding front desk."
273,2024-03-30,Front Desk,2,Breakfast was cold and options were limited regarding front desk.
155,2024-03-31,F&B / Restaurant,5,Room was spotless and beautifully maintained regarding f&b / restaurant. Thank you to the team.
216,2024-04-01,Concierge,1,Billing error took days to resolve regarding concierge.
467,2024-04-02,Housekeeping,3,"Service was acceptable, no major issues regarding housekeeping. Thank you to the team."
251,2024-04-02,Spa & Wellness,3,"Room was okay, standard hotel amenities regarding spa & wellness."
104,2024-04-02,Spa & Wellness,2,Check-in took far too long and felt disorganized regarding spa & wellness. Would recommend to others.
437,2024-04-03,F&B / Restaurant,3,"Stay was fine, nothing particularly memorable regarding f&b / restaurant. Thank you to the team."
358,2024-04-03,Concierge,1,Long wait times at the restaurant regarding concierge.
483,2024-04-03,Spa & Wellness,4,Staff greeted us warmly every single day regarding spa & wellness. Thank you to the team.
550,2024-04-03,Spa & Wellness,5,Loved the attention to detail in the room regarding spa & wellness. Will definitely consider staying again.
400,2024-04-07,Front Desk,4,Concierge went above and beyond to help us regarding front desk.
147,2024-04-07,Concierge,1,Long wait times at the restaurant regarding concierge. Will definitely consider staying again.
503,2024-04-07,Concierge,4,"Beautiful property, exceeded our expectations regarding concierge. Overall a decent trip."
108,2024-04-07,Concierge,3,"Stay was fine, nothing particularly memorable regarding concierge."
492,2024-04-09,Spa & Wellness,5,Check-in was fast and seamless regarding spa & wellness. Overall a decent trip.
181,2024-04-09,F&B / Restaurant,4,The staff was incredibly friendly and helpful regarding f&b / restaurant. Overall a decent trip.
540,2024-04-10,Front Desk,3,"Location was convenient, hotel was as described regarding front desk. Thank you to the team."
404,2024-04-10,F&B / Restaurant,5,Check-in was fast and seamless regarding f&b / restaurant. Would recommend to others.
471,2024-04-11,Housekeeping,4,Concierge went above and beyond to help us regarding housekeeping. Thank you to the team.
182,2024-04-11,Housekeeping,4,Loved the attention to detail in the room regarding housekeeping.
227,2024-04-12,Housekeeping,3,"Average experience overall, met basic expectations regarding housekeeping. Thank you to the team."
86,2024-04-12,F&B / Restaurant,3,"Location was convenient, hotel was as described regarding f&b / restaurant. Would recommend to others."
121,2024-04-12,Concierge,5,"Beautiful property, exceeded our expectations regarding concierge. Would recommend to others."
512,2024-04-12,F&B / Restaurant,4,Check-in was fast and seamless regarding f&b / restaurant. Thank you to the team.
257,2024-04-14,F&B / Restaurant,3,"Average experience overall, met basic expectations regarding f&b / restaurant. Thank you to the team."
585,2024-04-14,Spa & Wellness,3,"Room was okay, standard hotel amenities regarding spa & wellness."
290,2024-04-16,F&B / Restaurant,5,Staff greeted us warmly every single day regarding f&b / restaurant.
502,2024-04-16,Concierge,5,"Quick response to our requests, very efficient regarding concierge. Would recommend to others."
327,2024-04-18,F&B / Restaurant,2,Room was not properly cleaned upon arrival regarding f&b / restaurant. Thank you to the team.
47,2024-04-19,Spa & Wellness,3,"Location was convenient, hotel was as described regarding spa & wellness."
428,2024-04-20,Spa & Wellness,4,Room was spotless and beautifully maintained regarding spa & wellness.
366,2024-04-20,Concierge,5,Breakfast selection was excellent and fresh regarding concierge.
328,2024-04-20,Housekeeping,3,"Location was convenient, hotel was as described regarding housekeeping. Would recommend to others."
118,2024-04-20,Spa & Wellness,3,"Service was acceptable, no major issues regarding spa & wellness. Will definitely consider staying again."
64,2024-04-20,F&B / Restaurant,4,Breakfast selection was excellent and fresh regarding f&b / restaurant.
308,2024-04-20,Front Desk,2,Staff seemed inattentive and slow to respond regarding front desk.
58,2024-04-21,Front Desk,3,"Average experience overall, met basic expectations regarding front desk."
534,2024-04-22,F&B / Restaurant,3,"Room was okay, standard hotel amenities regarding f&b / restaurant. Will definitely consider staying again."
270,2024-04-22,Spa & Wellness,5,Loved the attention to detail in the room regarding spa & wellness.
222,2024-04-23,Spa & Wellness,4,Concierge went above and beyond to help us regarding spa & wellness. Thank you to the team.
305,2024-04-23,Concierge,3,"Average experience overall, met basic expectations regarding concierge. Will definitely consider staying again."
306,2024-04-23,Spa & Wellness,5,"Quick response to our requests, very efficient regarding spa & wellness. Thank you to the team."
284,2024-04-23,Front Desk,3,"Location was convenient, hotel was as described regarding front desk. Would recommend to others."
537,2024-04-23,F&B / Restaurant,4,Staff greeted us warmly every single day regarding f&b / restaurant.
46,2024-04-23,Spa & Wellness,2,Staff seemed inattentive and slow to respond regarding spa & wellness. Thank you to the team.
102,2024-04-24,Front Desk,4,Room was spotless and beautifully maintained regarding front desk.
70,2024-04-25,Spa & Wellness,5,"Quick response to our requests, very efficient regarding spa & wellness."
590,2024-04-25,Housekeeping,3,"Location was convenient, hotel was as described regarding housekeeping. Thank you to the team."
187,2024-04-25,Housekeeping,3,"Room was okay, standard hotel amenities regarding housekeeping."
114,2024-04-25,F&B / Restaurant,2,Air conditioning was not working properly regarding f&b / restaurant.
174,2024-04-25,Concierge,1,Room was not properly cleaned upon arrival regarding concierge.
281,2024-04-27,Housekeeping,4,"Beautiful property, exceeded our expectations regarding housekeeping. Overall a decent trip."
355,2024-04-27,Concierge,3,"Average experience overall, met basic expectations regarding concierge. Overall a decent trip."
309,2024-04-27,F&B / Restaurant,4,"Beautiful property, exceeded our expectations regarding f&b / restaurant. Thank you to the team."
573,2024-04-28,F&B / Restaurant,1,Long wait times at the restaurant regarding f&b / restaurant. Overall a decent trip.
336,2024-04-28,Spa & Wellness,5,Check-in was fast and seamless regarding spa & wellness. Would recommend to others.
120,2024-04-30,Housekeeping,3,"Location was convenient, hotel was as described regarding housekeeping."
478,2024-05-01,F&B / Restaurant,4,Concierge went above and beyond to help us regarding f&b / restaurant. Will definitely consider staying again.
180,2024-05-03,Spa & Wellness,3,"Location was convenient, hotel was as described regarding spa & wellness."
40,2024-05-04,Housekeeping,3,"Location was convenient, hotel was as described regarding housekeeping."
111,2024-05-04,Front Desk,4,"Quick response to our requests, very efficient regarding front desk. Would recommend to others."
359,2024-05-05,Spa & Wellness,5,The staff was incredibly friendly and helpful regarding spa & wellness.
163,2024-05-05,Concierge,3,"Service was acceptable, no major issues regarding concierge."
488,2024-05-05,F&B / Restaurant,5,The staff was incredibly friendly and helpful regarding f&b / restaurant. Overall a decent trip.
39,2024-05-06,Front Desk,4,Room was spotless and beautifully maintained regarding front desk. Would recommend to others.
145,2024-05-09,Housekeeping,5,Loved the attention to detail in the room regarding housekeeping.
449,2024-05-10,Front Desk,2,Staff seemed inattentive and slow to respond regarding front desk.
274,2024-05-10,Concierge,4,"Quick response to our requests, very efficient regarding concierge."
595,2024-05-11,Spa & Wellness,4,Breakfast selection was excellent and fresh regarding spa & wellness. Overall a decent trip.
536,2024-05-11,Front Desk,2,Noise from the hallway disturbed our sleep regarding front desk.
379,2024-05-13,Spa & Wellness,5,Loved the attention to detail in the room regarding spa & wellness. Will definitely consider staying again.
542,2024-05-13,Housekeeping,4,Check-in was fast and seamless regarding housekeeping.
365,2024-05-13,Housekeeping,1,Air conditioning was not working properly regarding housekeeping.
392,2024-05-13,Front Desk,3,"Room was okay, standard hotel amenities regarding front desk. Will definitely consider staying again."
493,2024-05-13,F&B / Restaurant,5,Room was spotless and beautifully maintained regarding f&b / restaurant. Would recommend to others.
303,2024-05-14,Front Desk,5,Concierge went above and beyond to help us regarding front desk.
362,2024-05-14,Concierge,4,"Quick response to our requests, very efficient regarding concierge."
161,2024-05-18,Front Desk,5,Room was spotless and beautifully maintained regarding front desk. Thank you to the team.
395,2024-05-18,Housekeeping,3,"Average experience overall, met basic expectations regarding housekeeping. Will definitely consider staying again."
293,2024-05-18,Front Desk,1,Billing error took days to resolve regarding front desk. Overall a decent trip.
476,2024-05-18,F&B / Restaurant,5,Staff greeted us warmly every single day regarding f&b / restaurant. Would recommend to others.
17,2024-05-19,Spa & Wellness,4,Breakfast selection was excellent and fresh regarding spa & wellness. Would recommend to others.
490,2024-05-21,Housekeeping,3,"Average experience overall, met basic expectations regarding housekeeping. Thank you to the team."
342,2024-05-22,Front Desk,5,Concierge went above and beyond to help us regarding front desk. Overall a decent trip.
535,2024-05-24,F&B / Restaurant,4,Breakfast selection was excellent and fresh regarding f&b / restaurant.
90,2024-05-24,Concierge,2,Check-in took far too long and felt disorganized regarding concierge. Thank you to the team.
137,2024-05-24,F&B / Restaurant,3,"Room was okay, standard hotel amenities regarding f&b / restaurant. Would recommend to others."
354,2024-05-25,Front Desk,4,Breakfast selection was excellent and fresh regarding front desk.
278,2024-05-26,F&B / Restaurant,4,Loved the attention to detail in the room regarding f&b / restaurant. Would recommend to others.
524,2024-05-26,Housekeeping,5,Staff greeted us warmly every single day regarding housekeeping. Would recommend to others.
213,2024-05-27,Front Desk,4,"Quick response to our requests, very efficient regarding front desk. Thank you to the team."
229,2024-05-28,Housekeeping,5,Concierge went above and beyond to help us regarding housekeeping. Thank you to the team.
494,2024-05-29,F&B / Restaurant,4,The spa treatment was relaxing and professional regarding f&b / restaurant. Overall a decent trip.
214,2024-05-29,F&B / Restaurant,5,Check-in was fast and seamless regarding f&b / restaurant. Thank you to the team.
343,2024-05-29,F&B / Restaurant,1,Noise from the hallway disturbed our sleep regarding f&b / restaurant. Will definitely consider staying again.
517,2024-05-29,F&B / Restaurant,5,Check-in was fast and seamless regarding f&b / restaurant.
243,2024-05-30,Housekeeping,3,"Stay was fine, nothing particularly memorable regarding housekeeping. Will definitely consider staying again."
377,2024-05-30,F&B / Restaurant,5,Concierge went above and beyond to help us regarding f&b / restaurant. Overall a decent trip.
239,2024-05-30,Concierge,4,"Beautiful property, exceeded our expectations regarding concierge. Thank you to the team."
124,2024-05-31,Spa & Wellness,1,Staff seemed inattentive and slow to respond regarding spa & wellness. Will definitely consider staying again.
283,2024-05-31,Concierge,5,Loved the attention to detail in the room regarding concierge. Will definitely consider staying again.
30,2024-06-01,Spa & Wellness,4,Breakfast selection was excellent and fresh regarding spa & wellness.
232,2024-06-02,Housekeeping,1,Billing error took days to resolve regarding housekeeping. Thank you to the team.
179,2024-06-03,Housekeeping,3,"Service was acceptable, no major issues regarding housekeeping. Overall a decent trip."
302,2024-06-03,Front Desk,4,"Quick response to our requests, very efficient regarding front desk. Overall a decent trip."
159,2024-06-03,Housekeeping,5,Breakfast selection was excellent and fresh regarding housekeeping.
263,2024-06-03,Front Desk,4,Staff greeted us warmly every single day regarding front desk.
422,2024-06-03,Front Desk,5,The spa treatment was relaxing and professional regarding front desk. Will definitely consider staying again.
294,2024-06-03,Concierge,4,Breakfast selection was excellent and fresh regarding concierge. Overall a decent trip.
43,2024-06-05,Spa & Wellness,3,"Service was acceptable, no major issues regarding spa & wellness. Thank you to the team."
406,2024-06-07,Spa & Wellness,4,Check-in was fast and seamless regarding spa & wellness. Overall a decent trip.
441,2024-06-08,Housekeeping,4,Room was spotless and beautifully maintained regarding housekeeping. Overall a decent trip.
210,2024-06-09,Spa & Wellness,2,Noise from the hallway disturbed our sleep regarding spa & wellness.
220,2024-06-09,F&B / Restaurant,4,Loved the attention to detail in the room regarding f&b / restaurant. Thank you to the team.
231,2024-06-09,Spa & Wellness,5,Concierge went above and beyond to help us regarding spa & wellness.
496,2024-06-10,Spa & Wellness,4,Check-in was fast and seamless regarding spa & wellness. Thank you to the team.
443,2024-06-10,Spa & Wellness,5,"Beautiful property, exceeded our expectations regarding spa & wellness. Will definitely consider staying again."
113,2024-06-10,Spa & Wellness,5,"Beautiful property, exceeded our expectations regarding spa & wellness. Thank you to the team."
383,2024-06-11,Concierge,5,Room was spotless and beautifully maintained regarding concierge. Overall a decent trip.
196,2024-06-12,Housekeeping,4,The staff was incredibly friendly and helpful regarding housekeeping.
88,2024-06-13,F&B / Restaurant,5,Room was spotless and beautifully maintained regarding f&b / restaurant.
103,2024-06-15,Housekeeping,3,"Average experience overall, met basic expectations regarding housekeeping. Would recommend to others."
509,2024-06-15,F&B / Restaurant,4,Breakfast selection was excellent and fresh regarding f&b / restaurant. Will definitely consider staying again.
125,2024-06-15,Front Desk,1,Billing error took days to resolve regarding front desk. Thank you to the team.
151,2024-06-16,Concierge,5,"Quick response to our requests, very efficient regarding concierge. Thank you to the team."
73,2024-06-16,Concierge,5,Room was spotless and beautifully maintained regarding concierge. Would recommend to others.
436,2024-06-17,Front Desk,4,The spa treatment was relaxing and professional regarding front desk. Overall a decent trip.
419,2024-06-17,Concierge,3,"Stay was fine, nothing particularly memorable regarding concierge. Thank you to the team."
468,2024-06-18,Front Desk,5,Staff greeted us warmly every single day regarding front desk. Will definitely consider staying again.
568,2024-06-18,Concierge,4,Room was spotless and beautifully maintained regarding concierge. Thank you to the team.
414,2024-06-18,Housekeeping,3,"Service was acceptable, no major issues regarding housekeeping. Would recommend to others."
8,2024-06-19,Front Desk,5,Room was spotless and beautifully maintained regarding front desk. Overall a decent trip.
150,2024-06-19,Front Desk,5,Room was spotless and beautifully maintained regarding front desk. Would recommend to others.
456,2024-06-19,F&B / Restaurant,5,"Quick response to our requests, very efficient regarding f&b / restaurant."
226,2024-06-19,Front Desk,5,"Beautiful property, exceeded our expectations regarding front desk."
218,2024-06-20,Front Desk,4,Staff greeted us warmly every single day regarding front desk. Would recommend to others.
3,2024-06-20,F&B / Restaurant,3,"Location was convenient, hotel was as described regarding f&b / restaurant."
547,2024-06-20,Housekeeping,1,Requested items never arrived at our room regarding housekeeping. Thank you to the team.
559,2024-06-20,Housekeeping,5,Room was spotless and beautifully maintained regarding housekeeping. Thank you to the team.
170,2024-06-21,F&B / Restaurant,4,Staff greeted us warmly every single day regarding f&b / restaurant. Thank you to the team.
560,2024-06-21,Spa & Wellness,5,Loved the attention to detail in the room regarding spa & wellness.
14,2024-06-22,Concierge,3,"Stay was fine, nothing particularly memorable regarding concierge. Thank you to the team."
107,2024-06-26,Front Desk,5,Loved the attention to detail in the room regarding front desk.
570,2024-06-27,Concierge,4,Staff greeted us warmly every single day regarding concierge. Would recommend to others.
556,2024-06-27,Housekeeping,4,Breakfast selection was excellent and fresh regarding housekeeping. Thank you to the team.
195,2024-06-27,F&B / Restaurant,5,The spa treatment was relaxing and professional regarding f&b / restaurant.
240,2024-06-27,Spa & Wellness,2,Air conditioning was not working properly regarding spa & wellness.
203,2024-06-27,F&B / Restaurant,1,Long wait times at the restaurant regarding f&b / restaurant.
154,2024-06-28,Front Desk,3,"Room was okay, standard hotel amenities regarding front desk. Thank you to the team."
149,2024-06-29,Front Desk,2,Staff seemed inattentive and slow to respond regarding front desk. Would recommend to others.
403,2024-06-30,Housekeeping,4,"Quick response to our requests, very efficient regarding housekeeping. Would recommend to others."
479,2024-07-01,Spa & Wellness,3,"Average experience overall, met basic expectations regarding spa & wellness. Thank you to the team."
424,2024-07-02,F&B / Restaurant,5,"Beautiful property, exceeded our expectations regarding f&b / restaurant."
246,2024-07-02,F&B / Restaurant,1,Billing error took days to resolve regarding f&b / restaurant. Overall a decent trip.
224,2024-07-04,Front Desk,4,Staff greeted us warmly every single day regarding front desk. Overall a decent trip.
200,2024-07-04,Concierge,5,The staff was incredibly friendly and helpful regarding concierge. Overall a decent trip.
427,2024-07-04,Spa & Wellness,4,Loved the attention to detail in the room regarding spa & wellness. Will definitely consider staying again.
455,2024-07-05,F&B / Restaurant,3,"Average experience overall, met basic expectations regarding f&b / restaurant. Thank you to the team."
347,2024-07-05,Housekeeping,2,Room was not properly cleaned upon arrival regarding housekeeping. Overall a decent trip.
153,2024-07-05,Housekeeping,3,"Location was convenient, hotel was as described regarding housekeeping. Thank you to the team."
480,2024-07-06,Spa & Wellness,3,"Stay was fine, nothing particularly memorable regarding spa & wellness. Thank you to the team."
9,2024-07-07,Concierge,3,"Location was convenient, hotel was as described regarding concierge. Will definitely consider staying again."
318,2024-07-07,Concierge,3,"Service was acceptable, no major issues regarding concierge."
500,2024-07-07,Spa & Wellness,4,Staff greeted us warmly every single day regarding spa & wellness. Would recommend to others.
298,2024-07-09,Housekeeping,3,"Location was convenient, hotel was as described regarding housekeeping. Will definitely consider staying again."
387,2024-07-10,Housekeeping,5,Check-in was fast and seamless regarding housekeeping. Would recommend to others.
75,2024-07-11,Front Desk,3,"Service was acceptable, no major issues regarding front desk. Thank you to the team."
564,2024-07-12,Spa & Wellness,2,Requested items never arrived at our room regarding spa & wellness.
311,2024-07-12,Front Desk,5,Breakfast selection was excellent and fresh regarding front desk. Thank you to the team.
551,2024-07-13,Concierge,5,Check-in was fast and seamless regarding concierge.
152,2024-07-13,Concierge,4,Breakfast selection was excellent and fresh regarding concierge. Would recommend to others.
33,2024-07-13,Housekeeping,5,Staff greeted us warmly every single day regarding housekeeping.
444,2024-07-14,Front Desk,5,Check-in was fast and seamless regarding front desk.
522,2024-07-17,Front Desk,4,The staff was incredibly friendly and helpful regarding front desk. Would recommend to others.
552,2024-07-18,Front Desk,1,Room was not properly cleaned upon arrival regarding front desk.
223,2024-07-19,Concierge,5,The spa treatment was relaxing and professional regarding concierge. Will definitely consider staying again.
267,2024-07-19,Spa & Wellness,3,"Service was acceptable, no major issues regarding spa & wellness."
373,2024-07-19,Concierge,4,Loved the attention to detail in the room regarding concierge. Will definitely consider staying again.
28,2024-07-19,Front Desk,2,Noise from the hallway disturbed our sleep regarding front desk. Will definitely consider staying again.
487,2024-07-20,F&B / Restaurant,4,The staff was incredibly friendly and helpful regarding f&b / restaurant.
544,2024-07-20,Concierge,1,Check-in took far too long and felt disorganized regarding concierge. Will definitely consider staying again.
566,2024-07-22,Spa & Wellness,4,Concierge went above and beyond to help us regarding spa & wellness. Overall a decent trip.
501,2024-07-23,Concierge,4,The spa treatment was relaxing and professional regarding concierge. Thank you to the team.
574,2024-07-23,Spa & Wellness,3,"Room was okay, standard hotel amenities regarding spa & wellness. Will definitely consider staying again."
299,2024-07-23,Spa & Wellness,4,Check-in was fast and seamless regarding spa & wellness.
142,2024-07-23,Housekeeping,1,Staff seemed inattentive and slow to respond regarding housekeeping. Overall a decent trip.
474,2024-07-23,Front Desk,3,"Location was convenient, hotel was as described regarding front desk. Will definitely consider staying again."
245,2024-07-25,Front Desk,3,"Stay was fine, nothing particularly memorable regarding front desk."
593,2024-07-25,F&B / Restaurant,1,Requested items never arrived at our room regarding f&b / restaurant. Thank you to the team.
26,2024-07-27,Front Desk,2,Towels and toiletries were not restocked regarding front desk. Overall a decent trip.
67,2024-07-28,Spa & Wellness,2,Requested items never arrived at our room regarding spa & wellness. Would recommend to others.
99,2024-07-29,Concierge,5,Room was spotless and beautifully maintained regarding concierge. Would recommend to others.
538,2024-07-30,Housekeeping,1,Room was not properly cleaned upon arrival regarding housekeeping. Will definitely consider staying again.
212,2024-07-30,Front Desk,3,"Location was convenient, hotel was as described regarding front desk. Thank you to the team."
491,2024-07-30,Spa & Wellness,5,The staff was incredibly friendly and helpful regarding spa & wellness.
569,2024-08-01,F&B / Restaurant,4,The spa treatment was relaxing and professional regarding f&b / restaurant. Thank you to the team.
143,2024-08-01,Concierge,3,"Service was acceptable, no major issues regarding concierge. Would recommend to others."
430,2024-08-02,Housekeeping,2,Room was not properly cleaned upon arrival regarding housekeeping. Thank you to the team.
466,2024-08-02,Front Desk,4,Concierge went above and beyond to help us regarding front desk. Overall a decent trip.
507,2024-08-02,Concierge,4,Check-in was fast and seamless regarding concierge.
389,2024-08-03,Housekeeping,5,Staff greeted us warmly every single day regarding housekeeping.
18,2024-08-03,Concierge,4,Loved the attention to detail in the room regarding concierge.
252,2024-08-03,Spa & Wellness,3,"Average experience overall, met basic expectations regarding spa & wellness. Thank you to the team."
533,2024-08-04,Concierge,2,Room was not properly cleaned upon arrival regarding concierge.
32,2024-08-04,F&B / Restaurant,1,Billing error took days to resolve regarding f&b / restaurant. Will definitely consider staying again.
310,2024-08-04,Housekeeping,5,Loved the attention to detail in the room regarding housekeeping. Will definitely consider staying again.
472,2024-08-04,Housekeeping,4,The staff was incredibly friendly and helpful regarding housekeeping. Will definitely consider staying again.
91,2024-08-04,Housekeeping,5,Staff greeted us warmly every single day regarding housekeeping.
202,2024-08-05,F&B / Restaurant,2,Breakfast was cold and options were limited regarding f&b / restaurant.
77,2024-08-05,Spa & Wellness,4,Check-in was fast and seamless regarding spa & wellness.
49,2024-08-05,F&B / Restaurant,2,Staff seemed inattentive and slow to respond regarding f&b / restaurant. Thank you to the team.
596,2024-08-05,Spa & Wellness,3,"Stay was fine, nothing particularly memorable regarding spa & wellness. Thank you to the team."
292,2024-08-05,Housekeeping,3,"Average experience overall, met basic expectations regarding housekeeping."
367,2024-08-06,Front Desk,4,The spa treatment was relaxing and professional regarding front desk.
324,2024-08-08,Front Desk,5,Staff greeted us warmly every single day regarding front desk. Would recommend to others.
255,2024-08-09,Housekeeping,1,Noise from the hallway disturbed our sleep regarding housekeeping. Would recommend to others.
549,2024-08-09,Spa & Wellness,4,The staff was incredibly friendly and helpful regarding spa & wellness. Overall a decent trip.
439,2024-08-10,F&B / Restaurant,3,"Stay was fine, nothing particularly memorable regarding f&b / restaurant."
558,2024-08-12,F&B / Restaurant,5,The spa treatment was relaxing and professional regarding f&b / restaurant.
589,2024-08-13,Front Desk,1,Staff seemed inattentive and slow to respond regarding front desk. Overall a decent trip.
398,2024-08-13,Housekeeping,3,"Average experience overall, met basic expectations regarding housekeeping. Will definitely consider staying again."
475,2024-08-14,F&B / Restaurant,2,Staff seemed inattentive and slow to respond regarding f&b / restaurant. Thank you to the team.
238,2024-08-14,F&B / Restaurant,3,"Location was convenient, hotel was as described regarding f&b / restaurant. Thank you to the team."
162,2024-08-15,F&B / Restaurant,2,Staff seemed inattentive and slow to respond regarding f&b / restaurant. Overall a decent trip.
135,2024-08-15,F&B / Restaurant,2,Room was not properly cleaned upon arrival regarding f&b / restaurant. Will definitely consider staying again.
452,2024-08-16,Front Desk,5,Staff greeted us warmly every single day regarding front desk.
461,2024-08-16,Housekeeping,4,Loved the attention to detail in the room regarding housekeeping.
580,2024-08-17,Concierge,4,"Quick response to our requests, very efficient regarding concierge. Will definitely consider staying again."
594,2024-08-17,F&B / Restaurant,3,"Room was okay, standard hotel amenities regarding f&b / restaurant. Will definitely consider staying again."
157,2024-08-18,Housekeeping,5,Room was spotless and beautifully maintained regarding housekeeping. Overall a decent trip.
72,2024-08-19,F&B / Restaurant,5,Staff greeted us warmly every single day regarding f&b / restaurant.
450,2024-08-19,F&B / Restaurant,5,"Quick response to our requests, very efficient regarding f&b / restaurant. Will definitely consider staying again."
291,2024-08-20,F&B / Restaurant,5,"Quick response to our requests, very efficient regarding f&b / restaurant. Thank you to the team."
192,2024-08-20,Concierge,5,The spa treatment was relaxing and professional regarding concierge. Thank you to the team.
401,2024-08-20,Front Desk,3,"Service was acceptable, no major issues regarding front desk."
144,2024-08-20,Housekeeping,4,Concierge went above and beyond to help us regarding housekeeping. Will definitely consider staying again.
89,2024-08-20,Spa & Wellness,3,"Room was okay, standard hotel amenities regarding spa & wellness."
52,2024-08-20,Concierge,4,Check-in was fast and seamless regarding concierge. Overall a decent trip.
459,2024-08-21,F&B / Restaurant,4,Concierge went above and beyond to help us regarding f&b / restaurant. Will definitely consider staying again.
378,2024-08-22,Concierge,3,"Service was acceptable, no major issues regarding concierge. Will definitely consider staying again."
269,2024-08-22,F&B / Restaurant,2,Air conditioning was not working properly regarding f&b / restaurant. Thank you to the team.
136,2024-08-22,Front Desk,3,"Location was convenient, hotel was as described regarding front desk. Overall a decent trip."
60,2024-08-23,F&B / Restaurant,2,Breakfast was cold and options were limited regarding f&b / restaurant.
208,2024-08-24,F&B / Restaurant,2,Noise from the hallway disturbed our sleep regarding f&b / restaurant. Overall a decent trip.
396,2024-08-24,Housekeeping,5,Breakfast selection was excellent and fresh regarding housekeeping. Would recommend to others.
504,2024-08-26,F&B / Restaurant,3,"Stay was fine, nothing particularly memorable regarding f&b / restaurant."
410,2024-08-27,Spa & Wellness,3,"Average experience overall, met basic expectations regarding spa & wellness. Would recommend to others."
572,2024-08-27,Housekeeping,4,Staff greeted us warmly every single day regarding housekeeping. Overall a decent trip.
288,2024-08-28,Housekeeping,5,"Beautiful property, exceeded our expectations regarding housekeeping. Would recommend to others."
279,2024-08-28,Concierge,3,"Service was acceptable, no major issues regarding concierge."
65,2024-08-30,Spa & Wellness,3,"Average experience overall, met basic expectations regarding spa & wellness. Would recommend to others."
420,2024-09-03,Spa & Wellness,2,Noise from the hallway disturbed our sleep regarding spa & wellness. Would recommend to others.
513,2024-09-03,Housekeeping,5,"Quick response to our requests, very efficient regarding housekeeping. Overall a decent trip."
19,2024-09-04,F&B / Restaurant,3,"Service was acceptable, no major issues regarding f&b / restaurant. Overall a decent trip."
445,2024-09-04,Front Desk,5,Breakfast selection was excellent and fresh regarding front desk. Will definitely consider staying again.
423,2024-09-05,F&B / Restaurant,3,"Location was convenient, hotel was as described regarding f&b / restaurant. Will definitely consider staying again."
98,2024-09-05,Housekeeping,4,"Beautiful property, exceeded our expectations regarding housekeeping. Will definitely consider staying again."
562,2024-09-05,Spa & Wellness,1,Check-in took far too long and felt disorganized regarding spa & wellness. Would recommend to others.
561,2024-09-08,Concierge,4,Check-in was fast and seamless regarding concierge. Overall a decent trip.
185,2024-09-08,Housekeeping,4,The staff was incredibly friendly and helpful regarding housekeeping. Thank you to the team.
272,2024-09-08,Concierge,4,The spa treatment was relaxing and professional regarding concierge. Overall a decent trip.
325,2024-09-10,Front Desk,1,Long wait times at the restaurant regarding front desk.
320,2024-09-11,Housekeeping,2,Long wait times at the restaurant regarding housekeeping. Would recommend to others.
514,2024-09-11,Spa & Wellness,1,Towels and toiletries were not restocked regarding spa & wellness. Thank you to the team.
412,2024-09-12,Housekeeping,4,"Quick response to our requests, very efficient regarding housekeeping."
435,2024-09-12,Spa & Wellness,1,Check-in took far too long and felt disorganized regarding spa & wellness.
528,2024-09-13,Front Desk,5,Staff greeted us warmly every single day regarding front desk. Thank you to the team.
499,2024-09-14,Spa & Wellness,3,"Room was okay, standard hotel amenities regarding spa & wellness. Thank you to the team."
217,2024-09-14,Spa & Wellness,2,Room was not properly cleaned upon arrival regarding spa & wellness. Would recommend to others.
141,2024-09-15,F&B / Restaurant,3,"Location was convenient, hotel was as described regarding f&b / restaurant."
109,2024-09-15,Housekeeping,5,Loved the attention to detail in the room regarding housekeeping. Thank you to the team.
191,2024-09-15,Housekeeping,3,"Average experience overall, met basic expectations regarding housekeeping. Will definitely consider staying again."
386,2024-09-16,Spa & Wellness,2,Billing error took days to resolve regarding spa & wellness. Would recommend to others.
578,2024-09-17,Front Desk,3,"Average experience overall, met basic expectations regarding front desk. Thank you to the team."
27,2024-09-18,Front Desk,4,Breakfast selection was excellent and fresh regarding front desk. Would recommend to others.
508,2024-09-19,Housekeeping,5,Concierge went above and beyond to help us regarding housekeeping. Would recommend to others.
265,2024-09-19,Spa & Wellness,4,Staff greeted us warmly every single day regarding spa & wellness. Would recommend to others.
433,2024-09-20,Concierge,4,Staff greeted us warmly every single day regarding concierge.
11,2024-09-20,Front Desk,3,"Location was convenient, hotel was as described regarding front desk. Would recommend to others."
546,2024-09-21,Spa & Wellness,5,Breakfast selection was excellent and fresh regarding spa & wellness.
426,2024-09-22,Spa & Wellness,2,Air conditioning was not working properly regarding spa & wellness. Thank you to the team.
391,2024-09-22,Spa & Wellness,5,Concierge went above and beyond to help us regarding spa & wellness. Would recommend to others.
282,2024-09-24,F&B / Restaurant,2,Long wait times at the restaurant regarding f&b / restaurant. Overall a decent trip.
287,2024-09-24,F&B / Restaurant,5,Check-in was fast and seamless regarding f&b / restaurant. Thank you to the team.
315,2024-09-24,Spa & Wellness,3,"Room was okay, standard hotel amenities regarding spa & wellness. Overall a decent trip."
484,2024-09-25,F&B / Restaurant,4,Check-in was fast and seamless regarding f&b / restaurant. Will definitely consider staying again.
356,2024-09-25,Front Desk,4,"Beautiful property, exceeded our expectations regarding front desk."
526,2024-09-25,Front Desk,5,Staff greeted us warmly every single day regarding front desk. Will definitely consider staying again.
545,2024-09-26,Housekeeping,2,Billing error took days to resolve regarding housekeeping.
80,2024-09-27,F&B / Restaurant,4,Room was spotless and beautifully maintained regarding f&b / restaurant. Overall a decent trip.
133,2024-09-28,Front Desk,1,Room was not properly cleaned upon arrival regarding front desk. Overall a decent trip.
301,2024-09-29,Spa & Wellness,4,Room was spotless and beautifully maintained regarding spa & wellness. Would recommend to others.
242,2024-09-30,Spa & Wellness,1,Breakfast was cold and options were limited regarding spa & wellness. Overall a decent trip.
518,2024-09-30,Concierge,5,Loved the attention to detail in the room regarding concierge.
329,2024-10-01,Concierge,4,Check-in was fast and seamless regarding concierge.
482,2024-10-02,F&B / Restaurant,2,Long wait times at the restaurant regarding f&b / restaurant. Would recommend to others.
481,2024-10-02,F&B / Restaurant,3,"Room was okay, standard hotel amenities regarding f&b / restaurant. Will definitely consider staying again."
209,2024-10-02,Spa & Wellness,3,"Average experience overall, met basic expectations regarding spa & wellness. Thank you to the team."
344,2024-10-03,Housekeeping,2,Billing error took days to resolve regarding housekeeping. Would recommend to others.
249,2024-10-03,Front Desk,4,"Beautiful property, exceeded our expectations regarding front desk. Thank you to the team."
186,2024-10-03,Spa & Wellness,5,Check-in was fast and seamless regarding spa & wellness. Thank you to the team.
339,2024-10-05,Concierge,5,Breakfast selection was excellent and fresh regarding concierge. Overall a decent trip.
247,2024-10-05,Housekeeping,5,Concierge went above and beyond to help us regarding housekeeping. Would recommend to others.
221,2024-10-06,Spa & Wellness,5,Room was spotless and beautifully maintained regarding spa & wellness. Overall a decent trip.
586,2024-10-07,Front Desk,2,Noise from the hallway disturbed our sleep regarding front desk.
323,2024-10-08,Concierge,5,Concierge went above and beyond to help us regarding concierge.
126,2024-10-08,Spa & Wellness,5,The staff was incredibly friendly and helpful regarding spa & wellness. Overall a decent trip.
228,2024-10-09,Housekeeping,5,The staff was incredibly friendly and helpful regarding housekeeping. Thank you to the team.
405,2024-10-09,Housekeeping,1,Air conditioning was not working properly regarding housekeeping. Will definitely consider staying again.
316,2024-10-09,Concierge,2,Staff seemed inattentive and slow to respond regarding concierge. Overall a decent trip.
394,2024-10-09,Concierge,1,Check-in took far too long and felt disorganized regarding concierge.
254,2024-10-10,F&B / Restaurant,4,"Beautiful property, exceeded our expectations regarding f&b / restaurant. Thank you to the team."
146,2024-10-10,Housekeeping,5,Concierge went above and beyond to help us regarding housekeeping. Would recommend to others.
415,2024-10-10,Housekeeping,5,Room was spotless and beautifully maintained regarding housekeeping. Thank you to the team.
543,2024-10-11,Front Desk,4,Staff greeted us warmly every single day regarding front desk. Thank you to the team.
548,2024-10-12,Spa & Wellness,5,"Quick response to our requests, very efficient regarding spa & wellness. Would recommend to others."
248,2024-10-13,Spa & Wellness,5,Breakfast selection was excellent and fresh regarding spa & wellness. Would recommend to others.
582,2024-10-15,F&B / Restaurant,4,Room was spotless and beautifully maintained regarding f&b / restaurant. Thank you to the team.
364,2024-10-16,Housekeeping,5,Loved the attention to detail in the room regarding housekeeping.
409,2024-10-16,Housekeeping,2,Billing error took days to resolve regarding housekeeping. Thank you to the team.
110,2024-10-16,Spa & Wellness,5,"Beautiful property, exceeded our expectations regarding spa & wellness. Will definitely consider staying again."
176,2024-10-16,Concierge,3,"Service was acceptable, no major issues regarding concierge. Overall a decent trip."
463,2024-10-17,Spa & Wellness,5,Breakfast selection was excellent and fresh regarding spa & wellness.
489,2024-10-18,Housekeeping,5,Staff greeted us warmly every single day regarding housekeeping.
256,2024-10-19,Front Desk,1,Towels and toiletries were not restocked regarding front desk. Thank you to the team.
123,2024-10-20,Front Desk,2,Staff seemed inattentive and slow to respond regarding front desk. Will definitely consider staying again.
122,2024-10-21,Front Desk,1,Breakfast was cold and options were limited regarding front desk. Overall a decent trip.
417,2024-10-22,Front Desk,2,Long wait times at the restaurant regarding front desk.
296,2024-10-22,F&B / Restaurant,2,Towels and toiletries were not restocked regarding f&b / restaurant. Overall a decent trip.
460,2024-10-22,Concierge,5,Room was spotless and beautifully maintained regarding concierge.
35,2024-10-23,Housekeeping,3,"Stay was fine, nothing particularly memorable regarding housekeeping. Thank you to the team."
388,2024-10-23,Housekeeping,4,"Beautiful property, exceeded our expectations regarding housekeeping. Thank you to the team."
271,2024-10-24,Front Desk,5,Breakfast selection was excellent and fresh regarding front desk. Thank you to the team.
69,2024-10-28,F&B / Restaurant,3,"Service was acceptable, no major issues regarding f&b / restaurant."
462,2024-10-28,F&B / Restaurant,4,"Beautiful property, exceeded our expectations regarding f&b / restaurant."
201,2024-10-28,F&B / Restaurant,5,The staff was incredibly friendly and helpful regarding f&b / restaurant.
97,2024-10-29,Concierge,5,Breakfast selection was excellent and fresh regarding concierge. Thank you to the team.
139,2024-10-29,Spa & Wellness,4,The staff was incredibly friendly and helpful regarding spa & wellness. Will definitely consider staying again.
84,2024-10-29,Spa & Wellness,3,"Service was acceptable, no major issues regarding spa & wellness. Overall a decent trip."
357,2024-10-30,Front Desk,3,"Stay was fine, nothing particularly memorable regarding front desk. Would recommend to others."
66,2024-10-30,Concierge,3,"Average experience overall, met basic expectations regarding concierge."
370,2024-10-30,F&B / Restaurant,3,"Location was convenient, hotel was as described regarding f&b / restaurant. Overall a decent trip."
215,2024-10-30,Spa & Wellness,3,"Stay was fine, nothing particularly memorable regarding spa & wellness."
116,2024-10-30,F&B / Restaurant,2,Room was not properly cleaned upon arrival regarding f&b / restaurant. Thank you to the team.
81,2024-10-31,Concierge,5,"Quick response to our requests, very efficient regarding concierge. Would recommend to others."
1,2024-11-01,Concierge,2,Billing error took days to resolve regarding concierge. Overall a decent trip.
197,2024-11-01,Housekeeping,4,Check-in was fast and seamless regarding housekeeping. Overall a decent trip.
421,2024-11-01,Housekeeping,4,Loved the attention to detail in the room regarding housekeeping. Would recommend to others.
237,2024-11-02,Front Desk,3,"Location was convenient, hotel was as described regarding front desk. Will definitely consider staying again."
486,2024-11-02,Spa & Wellness,4,The staff was incredibly friendly and helpful regarding spa & wellness. Overall a decent trip.
381,2024-11-02,Front Desk,5,Loved the attention to detail in the room regarding front desk. Would recommend to others.
106,2024-11-04,F&B / Restaurant,5,Room was spotless and beautifully maintained regarding f&b / restaurant.
74,2024-11-04,Concierge,4,Staff greeted us warmly every single day regarding concierge. Overall a decent trip.
259,2024-11-04,Spa & Wellness,4,Loved the attention to detail in the room regarding spa & wellness. Thank you to the team.
465,2024-11-04,Spa & Wellness,2,Long wait times at the restaurant regarding spa & wellness. Will definitely consider staying again.
93,2024-11-05,Housekeeping,4,Concierge went above and beyond to help us regarding housekeeping.
117,2024-11-06,Concierge,3,"Service was acceptable, no major issues regarding concierge. Would recommend to others."
591,2024-11-07,Spa & Wellness,4,Check-in was fast and seamless regarding spa & wellness. Would recommend to others.
307,2024-11-07,Concierge,3,"Location was convenient, hotel was as described regarding concierge."
183,2024-11-08,F&B / Restaurant,3,"Location was convenient, hotel was as described regarding f&b / restaurant. Will definitely consider staying again."
331,2024-11-09,Housekeeping,4,The spa treatment was relaxing and professional regarding housekeeping. Thank you to the team.
158,2024-11-10,Front Desk,1,Staff seemed inattentive and slow to respond regarding front desk. Will definitely consider staying again.
361,2024-11-11,Spa & Wellness,3,"Location was convenient, hotel was as described regarding spa & wellness. Overall a decent trip."
374,2024-11-13,Spa & Wellness,2,Air conditioning was not working properly regarding spa & wellness. Will definitely consider staying again.
527,2024-11-13,Concierge,4,"Quick response to our requests, very efficient regarding concierge."
166,2024-11-13,Concierge,4,Room was spotless and beautifully maintained regarding concierge.
454,2024-11-13,Spa & Wellness,3,"Room was okay, standard hotel amenities regarding spa & wellness."
485,2024-11-14,Front Desk,3,"Room was okay, standard hotel amenities regarding front desk. Thank you to the team."
236,2024-11-14,Concierge,2,Check-in took far too long and felt disorganized regarding concierge. Will definitely consider staying again.
297,2024-11-14,Front Desk,2,Requested items never arrived at our room regarding front desk. Would recommend to others.
15,2024-11-14,Front Desk,5,The spa treatment was relaxing and professional regarding front desk. Overall a decent trip.
555,2024-11-15,Front Desk,3,"Average experience overall, met basic expectations regarding front desk. Will definitely consider staying again."
78,2024-11-16,Front Desk,3,"Service was acceptable, no major issues regarding front desk. Overall a decent trip."
338,2024-11-16,Concierge,4,The staff was incredibly friendly and helpful regarding concierge. Will definitely consider staying again.
276,2024-11-17,Housekeeping,5,The spa treatment was relaxing and professional regarding housekeeping. Overall a decent trip.
576,2024-11-18,Front Desk,5,Room was spotless and beautifully maintained regarding front desk.
451,2024-11-19,Housekeeping,4,"Quick response to our requests, very efficient regarding housekeeping."
372,2024-11-19,Concierge,4,Room was spotless and beautifully maintained regarding concierge. Overall a decent trip.
447,2024-11-20,Front Desk,4,Room was spotless and beautifully maintained regarding front desk. Thank you to the team.
199,2024-11-21,Spa & Wellness,5,Concierge went above and beyond to help us regarding spa & wellness. Will definitely consider staying again.
261,2024-11-21,Concierge,5,Concierge went above and beyond to help us regarding concierge. Overall a decent trip.
156,2024-11-21,Housekeeping,5,Staff greeted us warmly every single day regarding housekeeping. Would recommend to others.
55,2024-11-21,Concierge,2,Towels and toiletries were not restocked regarding concierge. Thank you to the team.
334,2024-11-21,Housekeeping,3,"Location was convenient, hotel was as described regarding housekeeping. Overall a decent trip."
532,2024-11-22,Concierge,1,Staff seemed inattentive and slow to respond regarding concierge. Overall a decent trip.
171,2024-11-23,Concierge,4,Staff greeted us warmly every single day regarding concierge.
177,2024-11-23,Spa & Wellness,3,"Stay was fine, nothing particularly memorable regarding spa & wellness."
473,2024-11-24,Spa & Wellness,4,Check-in was fast and seamless regarding spa & wellness. Would recommend to others.
42,2024-11-24,Concierge,5,"Beautiful property, exceeded our expectations regarding concierge. Overall a decent trip."
262,2024-11-24,Front Desk,5,Breakfast selection was excellent and fresh regarding front desk.
584,2024-11-24,Concierge,1,Noise from the hallway disturbed our sleep regarding concierge. Overall a decent trip.
87,2024-11-24,Housekeeping,5,Check-in was fast and seamless regarding housekeeping. Thank you to the team.
313,2024-11-24,F&B / Restaurant,3,"Average experience overall, met basic expectations regarding f&b / restaurant. Will definitely consider staying again."
371,2024-11-24,Spa & Wellness,4,Loved the attention to detail in the room regarding spa & wellness. Would recommend to others.
523,2024-11-25,Front Desk,4,Breakfast selection was excellent and fresh regarding front desk.
599,2024-11-26,Spa & Wellness,3,"Stay was fine, nothing particularly memorable regarding spa & wellness."
592,2024-11-27,F&B / Restaurant,4,Room was spotless and beautifully maintained regarding f&b / restaurant. Overall a decent trip.
510,2024-11-27,Front Desk,4,Concierge went above and beyond to help us regarding front desk.
304,2024-11-27,Housekeeping,5,"Beautiful property, exceeded our expectations regarding housekeeping. Will definitely consider staying again."
190,2024-11-28,Housekeeping,3,"Location was convenient, hotel was as described regarding housekeeping. Overall a decent trip."
579,2024-11-29,Front Desk,4,Room was spotless and beautifully maintained regarding front desk. Thank you to the team.
554,2024-11-29,Concierge,3,"Location was convenient, hotel was as described regarding concierge. Will definitely consider staying again."
115,2024-11-30,Housekeeping,4,Loved the attention to detail in the room regarding housekeeping. Overall a decent trip.
360,2024-12-01,Spa & Wellness,5,Breakfast selection was excellent and fresh regarding spa & wellness. Thank you to the team.
575,2024-12-01,Spa & Wellness,1,Room was not properly cleaned upon arrival regarding spa & wellness. Will definitely consider staying again.
418,2024-12-01,Concierge,3,"Room was okay, standard hotel amenities regarding concierge. Would recommend to others."
95,2024-12-02,Spa & Wellness,4,The staff was incredibly friendly and helpful regarding spa & wellness. Thank you to the team.
300,2024-12-03,Front Desk,5,Room was spotless and beautifully maintained regarding front desk. Thank you to the team.
597,2024-12-04,Front Desk,1,Requested items never arrived at our room regarding front desk. Will definitely consider staying again.
96,2024-12-04,Housekeeping,5,Breakfast selection was excellent and fresh regarding housekeeping.
498,2024-12-04,Front Desk,4,Concierge went above and beyond to help us regarding front desk. Thank you to the team.
260,2024-12-05,Housekeeping,4,Loved the attention to detail in the room regarding housekeeping.
380,2024-12-05,Front Desk,4,Concierge went above and beyond to help us regarding front desk. Would recommend to others.
337,2024-12-06,Spa & Wellness,3,"Room was okay, standard hotel amenities regarding spa & wellness. Would recommend to others."
525,2024-12-06,Spa & Wellness,5,Check-in was fast and seamless regarding spa & wellness.
130,2024-12-07,Concierge,3,"Room was okay, standard hotel amenities regarding concierge."
34,2024-12-07,Spa & Wellness,1,Towels and toiletries were not restocked regarding spa & wellness.
319,2024-12-08,Housekeeping,4,"Quick response to our requests, very efficient regarding housekeeping. Would recommend to others."
235,2024-12-09,Front Desk,4,"Quick response to our requests, very efficient regarding front desk. Would recommend to others."
13,2024-12-09,F&B / Restaurant,2,Staff seemed inattentive and slow to respond regarding f&b / restaurant. Would recommend to others.
429,2024-12-09,Concierge,5,Breakfast selection was excellent and fresh regarding concierge. Would recommend to others.
277,2024-12-09,Concierge,5,The spa treatment was relaxing and professional regarding concierge. Would recommend to others.
175,2024-12-09,Housekeeping,2,Check-in took far too long and felt disorganized regarding housekeeping. Thank you to the team.
519,2024-12-11,Front Desk,5,Staff greeted us warmly every single day regarding front desk.
184,2024-12-11,Front Desk,5,Concierge went above and beyond to help us regarding front desk.
23,2024-12-11,Spa & Wellness,4,"Quick response to our requests, very efficient regarding spa & wellness."
241,2024-12-12,Housekeeping,4,Breakfast selection was excellent and fresh regarding housekeeping.
57,2024-12-13,F&B / Restaurant,4,The staff was incredibly friendly and helpful regarding f&b / restaurant. Thank you to the team.
516,2024-12-13,Housekeeping,5,The staff was incredibly friendly and helpful regarding housekeeping. Thank you to the team.
515,2024-12-14,F&B / Restaurant,5,Concierge went above and beyond to help us regarding f&b / restaurant. Would recommend to others.
45,2024-12-14,Front Desk,5,Room was spotless and beautifully maintained regarding front desk. Overall a decent trip.
37,2024-12-14,Front Desk,3,"Room was okay, standard hotel amenities regarding front desk. Thank you to the team."
280,2024-12-14,F&B / Restaurant,5,Staff greeted us warmly every single day regarding f&b / restaurant. Will definitely consider staying again.
521,2024-12-17,Front Desk,4,Check-in was fast and seamless regarding front desk.
397,2024-12-17,Spa & Wellness,3,"Average experience overall, met basic expectations regarding spa & wellness. Thank you to the team."
326,2024-12-17,F&B / Restaurant,4,"Quick response to our requests, very efficient regarding f&b / restaurant. Will definitely consider staying again."
345,2024-12-18,F&B / Restaurant,1,Room was not properly cleaned upon arrival regarding f&b / restaurant. Will definitely consider staying again.
140,2024-12-18,Concierge,2,Breakfast was cold and options were limited regarding concierge.
194,2024-12-18,Spa & Wellness,4,Room was spotless and beautifully maintained regarding spa & wellness.
295,2024-12-18,Spa & Wellness,4,Loved the attention to detail in the room regarding spa & wellness. Thank you to the team.
289,2024-12-20,Concierge,2,Room was not properly cleaned upon arrival regarding concierge. Would recommend to others.
353,2024-12-20,Spa & Wellness,5,Concierge went above and beyond to help us regarding spa & wellness. Thank you to the team.
457,2024-12-20,Front Desk,4,The spa treatment was relaxing and professional regarding front desk. Would recommend to others.
375,2024-12-21,Housekeeping,5,Check-in was fast and seamless regarding housekeeping. Thank you to the team.
233,2024-12-21,Spa & Wellness,4,"Quick response to our requests, very efficient regarding spa & wellness."
225,2024-12-21,F&B / Restaurant,4,Room was spotless and beautifully maintained regarding f&b / restaurant. Would recommend to others.
36,2024-12-21,Spa & Wellness,5,Room was spotless and beautifully maintained regarding spa & wellness.
411,2024-12-22,Housekeeping,3,"Stay was fine, nothing particularly memorable regarding housekeeping."
495,2024-12-23,F&B / Restaurant,5,The spa treatment was relaxing and professional regarding f&b / restaurant.
541,2024-12-23,Concierge,1,Noise from the hallway disturbed our sleep regarding concierge. Thank you to the team.
205,2024-12-24,Housekeeping,1,Staff seemed inattentive and slow to respond regarding housekeeping. Will definitely consider staying again.
234,2024-12-24,Front Desk,5,Staff greeted us warmly every single day regarding front desk.
477,2024-12-24,F&B / Restaurant,4,Breakfast selection was excellent and fresh regarding f&b / restaurant. Thank you to the team.
172,2024-12-25,F&B / Restaurant,5,Staff greeted us warmly every single day regarding f&b / restaurant.
407,2024-12-25,Housekeeping,2,Staff seemed inattentive and slow to respond regarding housekeeping. Will definitely consider staying again.
567,2024-12-25,Housekeeping,2,Towels and toiletries were not restocked regarding housekeeping. Would recommend to others.
346,2024-12-25,F&B / Restaurant,5,Check-in was fast and seamless regarding f&b / restaurant. Would recommend to others.
332,2024-12-26,F&B / Restaurant,3,"Stay was fine, nothing particularly memorable regarding f&b / restaurant. Would recommend to others."
6,2024-12-27,Concierge,3,"Service was acceptable, no major issues regarding concierge. Will definitely consider staying again."
464,2024-12-28,Housekeeping,3,"Average experience overall, met basic expectations regarding housekeeping."
4,2024-12-28,Concierge,4,Breakfast selection was excellent and fresh regarding concierge. Thank you to the team.
408,2024-12-29,Front Desk,4,The staff was incredibly friendly and helpful regarding front desk. Thank you to the team.
363,2024-12-30,Spa & Wellness,5,Staff greeted us warmly every single day regarding spa & wellness. Will definitely consider staying again.
5,2024-12-30,F&B / Restaurant,5,Loved the attention to detail in the room regarding f&b / restaurant. Overall a decent trip.
